지역코드,지역,기관,등장식당수,집계건수,공개형태note
andong,안동시,안동시청,606,2750,일부 부서는 한글·PDF로 공개되어 공개분 기준 집계
ansan,안산시,안산시청,8186,8186,일부 부서는 한글·PDF로 공개되어 공개분 기준 집계
anseong,안성시,안성시청,517,1861,일부 부서는 한글·PDF로 공개되어 공개분 기준 집계
anyang,안양시,안양시청,507,2392,일부 부서는 한글·PDF로 공개되어 공개분 기준 집계
asan,아산시,아산시청,925,2701,일부 부서는 한글·PDF로 공개되어 공개분 기준 집계
boeun,보은군,보은군청,126,1236,일부 부서는 PDF로 공개되어 공개분 기준 집계
bonghwa,봉화군,봉화군청,20,591,일부 부서는 PDF로 공개되어 공개분 기준 집계
boryeong,보령시,보령시청,503,204,보령시는 업무추진비를 요약보고(한글·PDF) 형식으로 공개해 집행내역 표가 없는 문서가 많음 — 표 형태 공개분 기준 부분집계
boseong,보성군,보성군청,58,729,일부 부서는 한글·PDF로 공개되어 공개분 기준 집계
buan,부안군,부안군청,16,726,부안군은 군수·부군수 업무추진비 위주로 공개(부서별 게시판 없음) — 공개분 기준
bucheon,부천시,부천시청,648,2878,일부 부서는 한글·PDF로 공개되어 공개분 기준 집계
bupyeong,부평구,부평구청,845,9285,일부 부서는 한글·PDF로 공개되어 공개분 기준 집계
busan_bukgu,부산 북구,부산 북구청,452,1119,일부 부서는 한글·PDF로 공개되어 공개분 기준 집계
busan_city,부산광역시,부산광역시청,680,10459,일부 부서는 DRM·한글로 공개되어 판독 가능한 공개분 기준 집계
busan_donggu,부산 동구,부산 동구청,145,407,일부 부서는 한글·PDF로 공개되어 공개분 기준 집계
busan_dongnae,동래구,동래구청,162,795,일부 부서는 한글·PDF로 공개되어 공개분 기준 집계
busan_gangseo,부산 강서구,부산 강서구청,1486,1486,일부 부서는 한글·PDF로 공개되어 공개분 기준 집계
busan_geumjeong,금정구,금정구청,533,256,일부 부서는 한글·PDF로 공개되어 공개분 기준 집계
busan_gijang,기장군,기장군청,37,740,"업무추진비 공개 게시판(HTML 표)의 2025년 집행내역 기준, 식사·간담회 목적만 집계"
busan_haeundae,해운대구,해운대구청,448,786,일부 부서는 한글·PDF로 공개되어 공개분 기준 집계
busan_jin,부산진구,부산진구청,710,2424,일부 부서는 한글·PDF로 공개되어 공개분 기준 집계
busan_junggu,부산 중구,부산 중구청,526,2031,일부 부서는 한글·PDF로 공개되어 공개분 기준 집계
busan_namgu,부산 남구,부산 남구청,559,1540,일부 부서는 한글·PDF로 공개되어 공개분 기준 집계
busan_saha,사하구,사하구청,1501,1501,일부 부서는 한글·PDF로 공개되어 공개분 기준 집계
busan_sasang,사상구,사상구청,307,581,일부 부서는 한글·PDF로 공개되어 공개분 기준 집계
busan_seogu,부산 서구,부산 서구청,160,894,일부 부서는 한글·PDF로 공개되어 공개분 기준 집계
busan_suyeong,수영구,수영구청,424,1824,일부 부서는 한글·PDF로 공개되어 공개분 기준 집계
busan_yeongdo,영도구,영도구청,414,1243,일부 부서는 한글·PDF로 공개되어 공개분 기준 집계
busan_yeonje,연제구,연제구청,400,964,일부 부서는 한글·PDF로 공개되어 공개분 기준 집계
buyeo,부여군,부여군청,390,596,일부 부서는 한글·PDF로 공개되어 공개분 기준 집계
changnyeong,창녕군,창녕군청,171,1280,일부 부서는 한글·PDF로 공개되어 공개분 기준 집계
cheonan,천안시,천안시청,376,5481,일부 부서는 한글·PDF로 공개되어 공개분 기준 집계
cheongdo,청도군,청도군청,12,130,청도군은 기관장(군수) 업무추진비만 공개하고 부서별 공개가 없어 표본이 적음 — 공개분(월별 12건) 기준 집계
cheongju,청주시,청주시청,741,6626,일부 부서는 한글·PDF로 공개되어 공개분 기준 집계
cheongsong,청송군,청송군청,140,997,부서별 업무추진비 공개(전 부서 xlsx) 기준 집계
cheorwon,철원군,철원군청,91,1449,철원군청 2025년 부서별 업무추진비 공개분 기준 집계
chilgok,칠곡군,칠곡군청,110,1380,일부 부서는 한글·PDF로 공개되어 공개분 기준 집계
chuncheon,춘천시,춘천시청,325,4354,일부 부서는 한글·PDF로 공개되어 공개분 기준 집계
chungbuk_do,충청북도청,충청북도청,388,8291,충북도청 본청 부서별 업무추진비 공개분 기준 집계(주 결제지역 청주)
chungju,충주시,충주시청,646,3257,일부 부서는 한글·PDF로 공개되어 공개분 기준 집계
cw_city,창원시,창원특례시청,1537,4469,창원특례시 본청·의창구·성산구 기준(마산·진해 편은 별도). 시청이 있는 성산구 용지동 상권에 공무원 단골이 집중.
cw_happo,마산합포구,창원특례시청,창원시청 통합 공개,629,창원특례시 마산합포구 소재 부서 기준. 옛 마산 원도심 상권.
cw_hoewon,마산회원구,창원특례시청,창원시청 통합 공개,383,창원특례시 마산회원구 소재 부서 기준. 양덕·회원동 등 옛 마산 생활권.
cw_jinhae,진해구,창원특례시청,창원시청 통합 공개,519,창원특례시 진해구 소재 부서 기준. 창원시청 통합 공개 데이터에서 진해구 부서만 분리 집계.
daegu_buk,대구 북구,대구 북구청,451,2758,일부 부서는 한글·PDF로 공개되어 공개분 기준 집계
daegu_city,대구광역시,대구광역시청,545,10937,"일부 부서 파일은 서식이 달라 미반영, 공개분 기준 집계"
daegu_dalseo,달서구,달서구청,639,2520,일부 부서는 한글·PDF로 공개되어 공개분 기준 집계
daegu_dalseong,달성군,달성군청,382,3739,일부 부서는 한글·PDF로 공개되어 공개분 기준 집계
daegu_dong,대구 동구,대구 동구청,230,1491,일부 부서는 한글·PDF로 공개되어 공개분 기준 집계
daegu_jung,대구 중구,대구 중구청,370,2168,일부 부서는 한글·PDF로 공개되어 공개분 기준 집계
daegu_nam,대구 남구,대구 남구청,363,2794,"일부 부서 파일은 서식이 달라 미반영, 공개분 기준 집계"
daegu_seo,대구 서구,대구 서구청,575,3259,"일부 부서 파일은 서식이 달라 미반영, 공개분 기준 집계"
daegu_suseong,수성구,수성구청,760,2589,"부서별 월간 업무추진비 공개파일(엑셀) 기준 집계, 식사성 지출만 반영"
daejeon_city,대전광역시,대전광역시청,1302,11807,일부 부서는 한글·PDF로 공개되어 공개분 기준 집계
daejeon_daedeok,대덕구,대덕구청,451,1887,일부 부서는 한글·PDF로 공개되어 공개분 기준 집계
daejeon_dong,대전 동구,대전 동구청,241,3900,일부 부서는 한글·PDF로 공개되어 공개분 기준 집계
daejeon_jung,대전 중구,대전 중구청,876,2576,일부 부서는 한글·PDF로 공개되어 공개분 기준 집계
daejeon_seo,대전 서구,대전 서구청,12,216,일부 부서는 한글·PDF로 공개되어 공개분 기준 집계
daejeon_yuseong,대전 유성구,유성구청,278,2262,일부 부서는 한글·PDF로 공개되어 공개분 기준 집계
damyang,담양군,담양군청,126,1826,일부 부서는 한글·PDF로 공개되어 공개분 기준 집계
dangjin,당진시,당진시청,489,2408,일부 부서는 한글·PDF로 공개되어 공개분 기준 집계
danyang,단양군,단양군청,110,893,일부 부서는 한글·PDF로 공개되어 공개분 기준 집계
ddm,동대문구,동대문구청,654,8543,일부 부서는 한글·PDF로 공개되어 공개분 기준 집계
dobong,도봉구,도봉구청,6878,6878,일부 부서는 한글·PDF로 공개되어 공개분 기준 집계
dongducheon,동두천시,동두천시청,516,3229,전 부서 업무추진비 엑셀 공개분 전수 집계
donghae,동해시,동해시청,339,1162,일부 부서는 한글·PDF로 공개되어 공개분 기준 집계
dongjak,동작구,동작구청,694,7235,일부 부서는 한글·PDF로 공개되어 엑셀·PDF 공개분 기준 집계
eumseong,음성군,음성군청,242,2094,일부 부서는 PDF로 공개되어 공개분 기준 집계
eunpyeong,은평구,은평구청,12,14080,업무추진비 공개시스템 웹 표 전수 집계(2025)
gangbuk,강북구,강북구청,936,9970,부서장 업무추진비 집행내역 공개분 기준 집계
gangdong_gu,강동구,강동구청,520,520,서울 강동구청은 성내동. 천호·성내·길동 등 구청 인근과 관내 식당이 분포. 자치구 데이터라 부서별 방문이 분산돼 상위 식당 방문 횟수는 시 지역보다 낮은 편입니다.
ganghwa,강화군,강화군청,330,2418,일부 부서는 한글·PDF로 공개되어 공개분 기준 집계
gangjin,강진군,강진군청,138,2001,일부 부서는 한글·PDF로 공개되어 공개분 기준 집계
gangneung,강릉시,강릉시청,445,1761,일부 부서는 한글·PDF로 공개되어 공개분 기준 집계
gangseo,강서구,강서구청,6424,6424,일부 부서는 한글·PDF로 공개되어 엑셀 공개분 기준 집계
gapyeong,가평군,가평군청,291,2106,일부 부서는 한글·PDF로 공개되어 공개분 기준 집계
geochang,거창군,거창군청,138,1873,일부 부서는 한글·PDF로 공개되어 공개분 기준 집계
geoje,거제시,거제시청,262,2630,일부 부서는 한글·PDF로 공개되어 공개분 기준 집계
geumcheon_gu,금천구,금천구청,4828,4828,서울 금천구청은 시흥동. 시흥대로 일대와 가산·독산동 등 관내 식당이 분포합니다.
gimcheon,김천시,김천시청,122,1036,일부 부서는 한글·PDF로 공개되어 공개분 기준 집계
gimhae,김해시,김해시청,1041,4398,일부 부서는 한글·PDF로 공개되어 공개분 기준 집계
gimje,김제시,김제시청,324,878,일부 부서는 한글·PDF로 공개되어 공개분 기준 집계
gimpo,김포시,김포시청,533,7527,일부 부서는 한글·PDF로 공개되어 공개분 기준 집계
gj2025,경기 광주시,경기 광주시청,432,3300,경기 광주시청은 송정동 인근. 시청 주변과 남한산성면·초월읍 등 관내 식당이 고루 분포.
gn2025,강남구,강남구청,월별 공개,2913,강남구청은 삼성동. 청담동·역삼동·삼성동 등 구청 인근과 관내 식당이 고루 분포.
gochang,고창군,고창군청,106,955,일부 부서는 한글·PDF로 공개되어 공개분 기준 집계
goesan,괴산군,괴산군청,140,1026,전 부서 업무추진비 엑셀(xlsx) 공개분 기준 집계
goheung,고흥군,고흥군청,216,614,일부 부서는 한글·PDF로 공개되어 공개분 기준 집계
gokseong,곡성군,곡성군청,120,811,일부 부서는 한글·PDF로 공개되어 공개분 기준 집계
gongju,공주시,공주시청,202,2591,일부 부서는 한글·PDF로 공개되어 공개분 기준 집계
goryeong,고령군,고령군청,103,1500,"전 부서 엑셀(xlsx)로 공개, 공개분 기준 집계"
goseong_gn,고성군,고성군청(경남),918,2483,일부 부서는 한글·PDF로 공개되어 공개분 기준 집계
goseong_gw,고성군,고성군청(강원),65,946,일부 부서는 PDF로 공개되어 공개분 기준 집계
goyang,고양시,고양시청,646,10776,일부 부서는 한글·PDF로 공개되어 공개분 기준 집계
gumi,구미시,구미시청,833,5002,일부 부서는 한글·PDF로 공개되어 공개분 기준 집계
gunpo,군포시,군포시청,206,2235,일부 부서는 한글·PDF로 공개되어 공개분 기준 집계
gunsan_city,군산시,군산시청,967,967,"군산시청은 조촌동. 군산은 근대문화유산 도시라 원도심 노포와 이성당 같은 명물 빵집이 유명하며, 공무원 단골도 원도심에 많습니다."
guri,구리시,구리시청,12,5221,일부 부서는 한글·PDF로 공개되어 공개분 기준 집계
guro_gu,구로구,구로구청,4737,4737,서울 구로구청은 구로동. 신도림·구로디지털단지·오류동 등 관내와 구청 인근 식당이 분포합니다.
gurye,구례군,구례군청,63,786,일부 부서는 한글·PDF로 공개되어 공개분 기준 집계
gwacheon,과천시,과천시청,419,2602,일부 부서는 한글·PDF로 공개되어 공개분 기준 집계
gwanak,관악구,관악구청,12,18860,DB 공개시스템 월별 집행내역 기준 집계
gwangjin,광진구,광진구청,655,11040,일부 부서는 한글·PDF로 공개되어 엑셀 공개분 기준 집계
gwangju_buk,광주 북구,광주 북구청,185,3417,일부 부서는 한글·PDF로 공개되어 공개분 기준 집계
gwangju_city,광주광역시,광주광역시청,447,12402,일부 부서는 한글·PDF로 공개되어 공개분 기준 집계
gwangju_dong,광주 동구,광주 동구청,194,2384,일부 부서는 한글·PDF로 공개되어 공개분 기준 집계
gwangju_gwangsan,광산구,광산구청,32,460,일부 부서는 한글·PDF로 공개되어 공개분 기준 집계
gwangju_nam,광주 남구,광주 남구청,122,2400,일부 부서는 한글·PDF로 공개되어 공개분 기준 집계
gwangju_seo,광주 서구,광주 서구청,196,2858,일부 부서는 한글·PDF로 공개되어 공개분 기준 집계
gwangmyeong,광명시,광명시청,281,2605,일부 부서는 한글·PDF로 공개되어 공개분 기준 집계
gwangyang,광양시,광양시청,44,1637,시장·부시장·국소장급 업무추진비 공개시스템(웹 표) 기준 집계
gyeonggi_do,경기도청,경기도청,195,4783,경기도청 본청 부서별 업무추진비 공개분 기준 집계(주 결제지역 수원 광교)
gyeongju,경주시,경주시청,52,955,일부 부서는 한글·PDF로 공개되어 공개분 기준 집계
gyeongsan,경산시,경산시청,1760,1760,2025년 공개된 부서별 업무추진비 집행내역(xlsx) 기준 집계
gyeyang,계양구,계양구청,501,3006,일부 부서는 한글·PDF로 공개되어 공개분 기준 집계
hadong,하동군,하동군청,12,634,하동군은 군수 업무추진비만 공개(부서별 게시판 없음) — 공개분(월별 12건) 기준
haenam,해남군,해남군청,505,2281,일부 부서는 한글·PDF 파일로 공개되어 엑셀 공개분 기준으로 집계했습니다.
haman,함안군,함안군청,234,1722,함안군청 2025년 부서별 업무추진비 공개분 기준 집계
hampyeong,함평군,함평군청,273,2109,일부 부서는 PDF로 공개되어 공개분 기준 집계
hamyang,함양군,함양군청,95,1596,일부 부서는 한글·PDF로 공개되어 공개분 기준 집계
hapcheon,합천군,합천군청,149,1021,일부 부서는 한글·PDF로 공개되어 공개분 기준 집계
hn2025,하남시,하남시청,241,3792,하남시청은 신장동에 위치. 구도심(신장동)과 미사·위례 신도시 상권이 고루 분포.
hoengseong,횡성군,횡성군청,248,2160,일부 부서는 PDF로 공개되어 공개분 기준 집계
hongcheon,홍천군,홍천군청,146,1882,일부 부서는 한글·PDF로 공개되어 공개분 기준 집계
hongseong,홍성군,홍성군청,128,707,일부 부서는 한글·PDF로 공개되어 공개분 기준 집계
hwacheon,화천군,화천군청,76,836,2025년 부서별 업무추진비 xlsx 공개분 전수 집계
hwaseong,화성시,화성시청,1709,15393,일부 부서는 한글로 공개되어 엑셀 공개분 기준 집계
hwasun,화순군,화순군청,135,733,일부 부서는 한글·PDF로 공개되어 공개분 기준 집계
icheon,이천시,이천시청,649,5806,일부 부서는 한글·PDF로 공개되어 공개분 기준 집계
iksan,익산시,익산시청,12,219,일부 부서는 한글·PDF로 공개되어 공개분 기준 집계
incheon_city,인천광역시,인천광역시청,912,3668,일부 부서는 한글·PDF로 공개되어 공개분 기준 집계
incheon_donggu,인천 동구,인천동구청,6,41,일부 부서만 공개하여 공개분 기준 집계(2026.7.1 제물포구 통합)
incheon_junggu,인천 중구,인천중구청,108,1333,인천 중구청 2025년 업무추진비 공개분 기준(엑셀 전수) — 중구는 2026.7 영종구·제물포구로 분구
incheon_seo,인천 서구,인천 서구청,801,2719,일부 부서는 한글·PDF로 공개되어 공개분 기준 집계
inje,인제군,인제군청,106,1377,일부 부서는 PDF로 공개되어 공개분 기준 집계
jangheung,장흥군,장흥군청,107,1913,"전 부서 엑셀 파일로 공개, 일부 파일 서식 상이로 공개분 기준 집계"
jangseong,장성군,장성군청,103,1477,일부 부서는 PDF로 공개되어 공개분 기준 집계
jecheon,제천시,제천시청,367,2238,일부 부서는 한글·PDF로 공개되어 공개분 기준 집계
jeju_do,제주도,제주특별자치도청,3113,3113,일부 부서는 한글·PDF로 공개되어 공개분 기준 집계
jeju_si_all,제주시,제주도청·제주시청,925,5554,"제주도청+제주시청 업무추진비 합산, 일부 부서는 한글·PDF로 공개되어 공개분 기준"
jeongeup,정읍시,정읍시청,340,1226,일부 부서는 한글·PDF로 공개되어 공개분 기준 집계
jeongseon,정선군,정선군청,115,1531,정선군청 2025년 부서별 업무추진비 공개분 기준 집계
jeonju_city,전주시,전주시청,852,852,"전주시청은 완산구 노송동. 전주 한옥마을·객사·효자동 등 관내 식당이 분포하며, 부서가 많아 방문이 여러 식당으로 분산됩니다."
jeungpyeong,증평군,증평군청,30,1582,일부 부서는 PDF로 공개되어 공개분 기준 집계
jincheon,진천군,진천군청,412,1273,일부 부서는 한글·PDF로 공개되어 공개분 기준 집계
jindo,진도군,진도군청,96,1682,일부 부서는 PDF로 공개되어 공개분 기준 집계
jinju,진주시,진주시청,334,1446,일부 부서는 한글·PDF로 공개되어 공개분 기준 집계(부분수집)
jongno,종로구,종로구청,966,9062,"일부 부서는 스캔 이미지 PDF로 공개되어 텍스트 추출 가능분(916/966건, 9,062건) 기준 집계"
junggu,서울 중구,서울 중구청,609,10569,일부 부서는 한글·PDF로 공개되어 공개분 기준 집계
jungnang,중랑구,중랑구청,670,3890,일부 부서는 한글·PDF로 공개되어 공개분 기준 집계
mapo_gu,마포구,마포구청,1315,1315,"서울 마포구청은 성산동. 홍대·합정·공덕·상암 등 마포 각지의 식당이 분포하며, 구청 인근 성산동 노포도 상위에 자주 오릅니다."
michuhol,미추홀구,미추홀구청,1316,2113,일부 부서는 한글·PDF로 공개되어 공개분 기준 집계
miryang,밀양시,밀양시청,357,1567,일부 부서는 한글·PDF로 공개되어 공개분 기준 집계
mokpo,목포시,목포시청,40,475,일부 부서는 한글·PDF로 공개되어 공개분 기준 집계
muan,무안군,무안군청,76,491,일부 부서는 한글·PDF로 공개되어 공개분 기준 집계
mungyeong,문경시,문경시청,138,1669,일부 부서는 한글·PDF로 공개되어 공개분 기준 집계
naju,나주시,나주시청,191,2870,일부 부서는 한글·PDF로 공개되어 공개분 기준 집계
namdong,남동구,남동구청,689,8505,일부 부서는 한글·PDF로 공개되어 공개분 기준 집계
namhae,남해군,남해군청,178,1834,일부 부서는 한글·PDF로 공개되어 공개분 기준 집계
namwon,남원시,남원시청,130,1325,일부 부서는 한글·PDF로 공개되어 공개분 기준 집계
namyangju,남양주시,남양주시청,501,5882,일부 부서는 한글·PDF로 공개되어 공개분 기준 집계
nonsan,논산시,논산시청,408,2187,일부 부서는 한글·PDF로 공개되어 공개분 기준 집계
nowon,노원구,노원구청,823,4320,일부 부서는 한글·PDF로 공개되어 엑셀 공개분 기준 집계
okcheon,옥천군,옥천군청,354,2383,일부 부서는 한글·PDF로 공개되어 공개분 기준 집계
ongjin,옹진군,옹진군청,254,4078,일부 부서는 PDF로 공개되어 공개분 기준 집계
osan,오산시,오산시청,12,663,일부 부서는 한글·PDF로 공개되어 공개분 기준 집계
paju,파주시,파주시청,344,9091,일부 부서는 한글·PDF로 공개되어 공개분 기준 집계
pocheon,포천시,포천시청,567,3490,일부 부서는 한글·PDF로 공개되어 공개분 기준 집계
pohang,포항시,포항시청,604,7441,일부 부서는 한글·PDF로 공개되어 공개분 기준 집계
pyeongchang,평창군,평창군청,340,841,일부 부서는 한글·PDF로 공개되어 공개분 기준 집계
pyeongtaek,평택시,평택시청,1121,5360,일부 부서는 한글·PDF로 공개되어 공개분 기준 집계
sacheon,사천시,사천시청,208,1691,일부 부서는 한글·PDF로 공개되어 공개분 기준 집계
samcheok,삼척시,삼척시청,270,970,일부 부서는 한글·PDF로 공개되어 공개분 기준 집계
sancheong,산청군,산청군청,12,239,산청군청 월별 업무추진비 공개자료(엑셀) 기준 집계
sangju,상주시,상주시청,4,280,상주시는 시장 업무추진비만 공개해 공개분(4개 분기) 기준 집계
sc2025,서초구,서초구청,월별·부서별 공개,1730,서초구청은 서초동. 서초동·양재동·반포동 등 관내 식당이 고루 분포.
sejong_city,세종특별자치시,세종특별자치시청,24,7250,일부 부서는 한글·PDF로 공개되어 공개분 기준 집계
seodaemun,서대문구,서대문구청,12,9619,DB 공개시스템 월별 집행내역 기준 집계
seogwipo_all,서귀포시,제주도청·서귀포시청,966,5486,"제주도청+서귀포시청 업무추진비 합산, 일부 부서는 한글·PDF로 공개되어 공개분 기준"
seongbuk,성북구,성북구청,5321,5321,일부 부서는 한글·PDF로 공개되어 공개분 기준 집계
seongdong,성동구,성동구청,677,4584,성동구청 업무추진비 PDF 공개분 기준 집계 (일부 스캔·이미지 PDF는 자동 인식 제외)
seongju,성주군,성주군청,16,1424,일부 부서는 한글·PDF로 공개되어 공개분 기준 집계
seosan,서산시,서산시청,395,1371,일부 부서는 한글·PDF로 공개되어 공개분 기준 집계
seoul_city,서울시,서울특별시청,49425,49425,서울시청은 중구 세종대로. 시청 주변 무교동·서소문·을지로 일대에 공무원 단골 노포·맛집이 밀집해 상위권 대부분이 시청 도보권입니다.
siheung,시흥시,시흥시청,12,14054,일부 부서는 한글·PDF로 공개되어 공개분 기준 집계
sinan,신안군,신안군청,188,2109,"전 부서 엑셀 파일로 공개, 첨부 없는 일부 부서 제외 공개분 기준 집계"
sn2025,성남시,성남시청,289,4837,성남시는 수정·중원·분당 3개 구로 구성. 시청은 중원구 여수동에 위치해 시청 인근(여수동) 식당이 상위권 다수.
sokcho,속초시,속초시청,233,831,일부 부서는 한글·PDF로 공개되어 공개분 기준 집계
songpa,송파구,송파구청,337,3204,일부 부서는 한글·PDF로 공개되어 공개분 기준 집계
sunchang,순창군,순창군청,12,186,"순창군은 월별 통합파일로 공개, 표본이 적어 공개분 기준 집계"
suncheon,순천시,순천시청,179,1616,일부 부서는 한글·PDF로 공개되어 공개분 기준 집계(부분수집)
suwon,수원시,수원시청,1466,1285,일부 부서는 한글·PDF로 공개되어 공개분 기준 집계
taean,태안군,태안군청,8,859,일부 부서는 한글·PDF로 공개되어 공개분 기준 집계
tongyeong,통영시,통영시청,208,1471,일부 부서는 한글·PDF로 공개되어 공개분 기준 집계
uijeongbu,의정부시,의정부시청,3544,3544,일부 부서는 한글·PDF로 공개되어 공개분 기준 집계
uiryeong,의령군,의령군청,144,1196,일부 부서는 PDF로 공개되어 공개분 기준 집계
uiseong,의성군,의성군청,4,391,의성군은 군수 업무추진비만 공개(부서별 게시판 없음) — 공개분(분기별 4건) 기준
uiwang,의왕시,의왕시청,427,1933,일부 부서는 한글·PDF로 공개되어 공개분 기준 집계
uljin,울진군,울진군청,16,372,일부 부서는 한글·PDF로 공개되어 공개분 기준 집계
ulleung,울릉군,울릉군청,8,60,"군수·부군수 업무추진비만 공개(부서별 게시 없음)되며, 6개 분기분은 스캔 이미지 PDF로 판독 불가해 텍스트로 공개된 부군수 2025년 1·2분기 집행분 기준으로 집계(표본 적음)"
ulsan_buk,울산 북구,울산 북구청,322,1279,일부 부서는 한글·PDF로 공개되어 공개분 기준 집계
ulsan_city,울산광역시,울산광역시청,1031,7303,일부 부서는 한글·PDF로 공개되어 공개분 기준 집계
ulsan_dong,울산 동구,울산 동구청,213,977,일부 부서는 한글·PDF로 공개되어 공개분 기준 집계
ulsan_jung,울산 중구,울산 중구청,225,813,일부 부서는 한글·PDF로 공개되어 공개분 기준 집계
ulsan_nam,울산 남구,울산 남구청,569,2188,일부 부서는 한글·PDF로 공개되어 공개분 기준 집계
ulsan_ulju,울주군,울주군청,324,1108,일부 부서는 한글·PDF로 공개되어 공개분 기준 집계
wando,완도군,완도군청,85,1332,일부 부서는 한글·PDF로 공개되어 공개분 기준 집계
wonju,원주시,원주시청,385,2153,일부 부서는 한글·PDF로 공개되어 공개분 기준 집계
yangcheon,양천구,양천구청,6568,6568,일부 부서는 한글·PDF로 공개되어 공개분 기준 집계
yanggu,양구군,양구군청,339,1933,부서별 업무추진비 xlsx 공개분(2025년) 기준 집계
yangju,양주시,양주시청,581,3480,일부 부서는 한글·PDF로 공개되어 공개분 기준 집계
yangpyeong,양평군,양평군청,195,7864,군수·부군수·본청·읍면 부서별 업무추진비 엑셀 공개분 전량 집계
yangsan,양산시,양산시청,835,3420,일부 부서는 한글·PDF로 공개되어 공개분 기준 집계
yangyang,양양군,양양군청,93,606,일부 부서는 한글·PDF로 공개되어 공개분 기준 집계
ydp_gu,영등포구,영등포구청,9201,9201,"서울 영등포구청은 당산동. 영등포·당산·여의도 일대 식당이 분포하며, 여의도 직장가와 영등포 구도심 노포가 공존합니다."
yecheon,예천군,예천군청,67,920,일부 부서는 PDF로 공개되어 공개분 기준 집계
yeoju,여주시,여주시청,10761,10761,일부 부서는 한글·PDF로 공개되어 공개분 기준 집계
yeoncheon,연천군,연천군청,368,5357,일부 부서는 한글·PDF로 공개되어 공개분 기준 집계
yeongdeok,영덕군,영덕군청,223,1154,일부 부서는 한글·PDF로 공개되어 공개분 기준 집계
yeongdong,영동군,영동군청,125,1228,일부 부서는 PDF로 공개되어 공개분 기준 집계
yeonggwang,영광군,영광군청,135,1493,일부 부서는 한글·PDF로 공개되어 공개분 기준 집계
yeongju,영주시,영주시청,25,451,일부 부서는 한글·PDF로 공개되어 공개분 기준 집계
yeongwol,영월군,영월군청,186,1779,영월군청 2025년 부서별 업무추진비 공개분 기준 집계
yeongyang,영양군,영양군청,54,735,일부 부서는 PDF로 공개되어 공개분 기준 집계
yeonsu,연수구,연수구청,729,3033,일부 부서는 공개분 기준 집계
yeosu_city,여수시,여수시청,622,622,"여수시청은 학동. 여수는 남해안 항구도시라 해산물·활어·게장 맛집이 강세이고, 여수 각지에 부서가 흩어져 상위 식당 방문 횟수는 분산되는 편입니다."
yesan,예산군,예산군청,371,1378,일부 부서는 한글·PDF로 공개되어 공개분 기준 집계
yongin,용인시,용인시청,551,551,일부 부서는 한글·PDF로 공개되어 공개분 기준 집계
yongsan,용산구,용산구청,655,7171,일부 부서는 한글·PDF로 공개되어 판독 가능한 공개분 기준 집계
